Date,TweetURL,User,Source,Location,Text,Translated Text
2023-03-16 14:12:56+00:00,https://twitter.com/shaanizzle_/status/1636369963345924100,shaanizzle_,Twitter for Android,BKI,Kenapa Celcom njing ni masih tiada line üò©,Why does Celcom still have no line today üò©
2023-03-16 13:11:30+00:00,https://twitter.com/florendymph/status/1636354503162359809,florendymph,Twitter for Android,,Punyalh gigih on off fon sbb no service HAHAHHAHAHA celcom celcom dahlah pilih kasih kenapa adik sy celcom ada line and the others tiada HAHAHHAHAHA,Be persistent on turning off the phone as there is no service HAHAHHAHAHA celcom celcom is selective why does my sister celcom have a line and the others don't HAHAHHAHAHA
2023-03-16 11:42:18+00:00,https://twitter.com/taecyeon883/status/1636332054764990464,taecyeon883,Twitter for iPhone,,"@Celcom why area Kinarut, Sabah tiada line tiba2 ni? Ada pun, putus2. Hantar whatsapp, kejap send kejap one tick","@Celcom why area Kinarut, Sabah no line suddenly? Anyway, break up. Send whatsapp, just send one tick"
2023-03-14 09:39:15+00:00,https://twitter.com/asmaatina/status/1635576315574374406,asmaatina,Twitter for Android,ipoh perak,"Di sebabkan tempat tiada line malam lepas makan kebosanan nasib la ada bawa kad uno. Line maxis, umobile, digi, celcom tiada. 

Dapat solat kt beranda open dgn cuaca sejuk ü•∞ü•∞ org lain deko surau lawa lawa je kalau ak ada rezeki tanah dekat dgn sungai nk buat surau open macam ni https://t.co/Nh5m7js2F9","At the place where there was no line last night to eat boredom, luckily he brought an uno card. Line maxis, umobile, digi, celcom are not available.

Being able to pray on the open veranda in cold weather ü•∞ü•∞ other people can only decorate the surau lawa lawa if you have the sustenance of land near the river to make an open surau like this https://t.co/Nh5m7js2F9"
2023-03-05 01:27:48+00:00,https://twitter.com/zaryl2k/status/1632191144552726531,zaryl2k,Twitter for iPad,,"@XavierNaxa Min, saya dah berjaya dapatkan hotlink esim sebagai telco sekunder sandaran. Line utama guna celcom blue 5GB.
Lepas ni tiada masalah sekiranya ke kawasan yg kurang coverage. Saya percaya kombo celcom+maxis adalah kombo terbaik. üòé https://t.co/Stz3zOpcCt","@XavierNaxa Min, I have managed to get esim hotlink as backup secondary telco. The main line uses celcom blue 5GB.
After this, there is no problem if you go to an area with less coverage. I believe the celcom+maxis combo is the best combo. üòé https://t.co/Stz3zOpcCt"
2023-02-27 06:51:25+00:00,https://twitter.com/IniAlalalannn/status/1630098257828528128,IniAlalalannn,Twitter for Android,,"Salam YB @fahmi_fadzil , dah 3 jam pengguna @celcom kawasan utara dari Perak sehingga ke Perlis tiada rangkaian untuk buat panggilan mahupun untuk menggunakan internet. Tolong assist kami, sebab pihak Celcom macam biasa lembab buat kerja macam line internet dia","Greetings YB @fahmi_fadzil, for 3 hours @celcom users in the northern region from Perak to Perlis have no network to make calls or use the internet. Please assist us, because Celcom is slow to work like his internet line"
2023-02-27 06:43:53+00:00,https://twitter.com/coppralulu/status/1630096365329211392,coppralulu,Twitter for iPhone,Malaysia,"Member aku baling phone pecah, rupanya line celcom down hahaha penyesalan tiada erti lagi #celcomokketu ????","My member threw the broken phone, apparently the celcom line is down hahaha regret is meaningless #celcomokketu ????"
2023-01-26 06:08:07+00:00,https://twitter.com/George55062635/status/1618490951584083968,George55062635,Twitter for iPhone,"Johore, Malaysia",@Celcom tiada membuat pembaikan ke ? Sbb di SONG SARAWAK adalah majoriti hampir menggunakan celcom ? Apa nasib pedalaman seperti kami ni ? Nak buat itu ini tk bole line tkda incase kalau hal emergency nak call tak boleh !,"@Celcom didn't make any repairs? As in SONG SARAWAK almost the majority use celcom? What is the fate of the interior like us? If you want to do that, you can't line, you can't call in case of an emergency!"
2023-01-26 06:06:00+00:00,https://twitter.com/George55062635/status/1618490417309417480,George55062635,Twitter for iPhone,"Johore, Malaysia",Selamat Petang dan salam Sejahtera @Celcom ! Disini saya ingin tekankan bahawasanya saya sebagai pengguna Celcom ! Tiada perubahan langsung kejap line tkda line teruk dan sebagainya ! https://t.co/zUllEY2UXf,"Good evening and good luck @Celcom! Here I would like to emphasize that I am a Celcom user! There is no immediate change in the line, there is no bad line and so on! https://t.co/zUllEY2UXf"
2023-01-16 11:31:08+00:00,https://twitter.com/LinaRamsah/status/1614948363665043457,LinaRamsah,Twitter for iPhone,,Gila sudah kali @Celcom di Beluran ni. Sepanjang hari tiada line. Masuk hari ketiga hari ni. Zero. None. Kosong. Sampai tahap orang meninggal pun kena dtg dr rumah ke rumah utk bagitau. https://t.co/1HjSMylIQ7,"It's crazy @Celcom's time in Beluran. All day no line. Today is the third day. Zero. None. Empty. Even to the point where people died, they had to go from house to house to tell. https://t.co/1HjSMylIQ7"
2023-01-15 08:38:44+00:00,https://twitter.com/LinaRamsah/status/1614542590153723904,LinaRamsah,Twitter for iPhone,,Gila la celcom. Dari subuh sampai ke petang tiada line..üíÜ‚Äç‚ôÄÔ∏èüíÜ‚Äç‚ôÄÔ∏è,Celcom is crazy. From dawn to dusk there is no line..üíÜ‚Äç‚ôÄÔ∏èüíÜ‚Äç‚ôÄÔ∏è
2023-01-14 13:39:53+00:00,https://twitter.com/piraearthe/status/1614255986956709889,piraearthe,Twitter for Android,,@Celcom dan line lembap berpisah tiada,@Celcom and the slow line are no longer separated
2023-01-14 10:17:41+00:00,https://twitter.com/nong7697/status/1614205103287980032,nong7697,Twitter for iPhone,,@Celcom tiada ribut tiada angin line tiada di batu niah miri sarawak..hampir 24 jam tiada line..tolong selesaikan masalah pengguna @McmcReact @kkd_gov,@Celcom no storm no wind no line no in batu niah miri sarawak..almost 24 hours no line..please solve user problem @McmcReact @kkd_gov
2023-01-12 12:51:20+00:00,https://twitter.com/mevius_m_/status/1613518992572043267,mevius_m_,Twitter Web App,Malaysia,"@ShoibZahari @anwaribrahim @CelcomBlueCube @Maxis Maxis, celcom, digi, Umobile dan unifi semua tiada pencawang tetapi besubahat dengan MCMC menipu pelanggan belanja wang. 4 tahun 80K, e-wallet 400K semua kena curi tukar apa line ini kes jenayah.","@ShoibZahari @anwaribrahim @CelcomBlueCube @Maxis Maxis, celcom, digi, Umobile and unifi all have no substations but conspired with MCMC to cheat customers of spending money. 4 years 80K, e-wallet 400K all had to be stolen and exchanged, what line is this a criminal case."
2023-01-12 02:28:06+00:00,https://twitter.com/tompulingot/status/1613362151284174848,tompulingot,Twitter for iPhone,"üìçLDU, Land below the wind ",Celcom.. mana mana aaa today tiada line? Bongok,Celcom.. where is there no line today? Stupid
2022-12-31 02:13:32+00:00,https://twitter.com/OfficialCollenz/status/1609009830718767105,OfficialCollenz,Twitter for iPhone,malaysia,Sudah 5 Hari line celcom terputus disebabkan angin kencang di kg suangpai kudat sabah.tapi tiada tindakan pantas dari celom untuk memulihkan liputan. @Celcom,"It's been 5 days since the celcom line was cut off due to strong winds in Suangpai, Kudat Sabah. But there was no quick action from Celom to restore coverage. @Celcom"
2022-12-22 06:57:53+00:00,https://twitter.com/_amirulanwar/status/1605819901351841792,_amirulanwar,Twitter for iPhone,,@nuraneedaizzati @aaimiemaissarah Aduuu kamon ah orang celcom/digi!!! Rakyat susah tiada line niii,@nuraneedaizzati @aaimiemaissarah Oh how are you celcom/digi people!!! It's hard for people not to have a line like this
2022-12-21 09:18:08+00:00,https://twitter.com/Sayangkucing12/status/1605492808114049025,Sayangkucing12,Twitter for Android,,@Celcom okay terima kasih untuk maklum balas. buat masa sekarang line masih tak okay tiada bar langsung untuk celcom disini. harap akan okay sikit malam ni üòì,"@Celcom okay thanks for the feedback. for now, the line is still not okay, there is no direct bar for celcom here. I hope it will be okay tonight üòì"
2022-12-06 05:39:14+00:00,https://twitter.com/LEOSQUEEN2020/status/1600001901898387456,LEOSQUEEN2020,Twitter for Android,,"@vivyxoxoW Aka hang buat fitnah kalau tiada news link. Gua sekarang dah moden,  boleh guna line Celcom/satellite phone.","@vivyxoxoW Aka hang to slander if there is no news link. My cave is now modern, you can use a Celcom/satellite phone line."
2022-12-05 13:13:35+00:00,https://twitter.com/sakuransandesu/status/1599753855465844737,sakuransandesu,Twitter for iPhone,Kuala Lumpur Federal Territory,@Celcom Masih tiada line,@Celcom Still no line
2022-12-01 14:10:17+00:00,https://twitter.com/miieerraaww/status/1598318573273112577,miieerraaww,Twitter for iPhone,JHB,Celcom ni mmg boleh pergi mamps je laa. Sabtu ni aku nak tukar line! Punya la setia bertahun aku pakai makin hari makin menyakit kan hati elok berpindah je la ke plan lain. Lagi bagus. Setia yg tiada guna ya,"Celcom can just go to Mamps. This Saturday I want to change the line! It's been loyal for years, I've been using it more and more every day, it's hurting my heart, it's better to switch to another plan. Better. Loyal that is useless"
2022-11-30 14:24:56+00:00,https://twitter.com/haneudye/status/1597959872389484547,haneudye,Twitter for Android,"Kuching, Sarawak",@Celcom Dah berapa kali buat adunan dkt app report still tiada perubahan....sia sia jak naga tiang megare...... rumah depan tiang pun line pun selow gini Malaysia mok maju,@Celcom How many times have you made the mixture with the app report still no change....it's a waste of time like the dragon pole of the Megare......the house in front of the pole even the line is as low as this Malaysia is moving forward
2022-11-09 02:25:27+00:00,https://twitter.com/Bob15344219/status/1590168662534938624,Bob15344219,Twitter for Android,,@mkini_bm kenapa celcom tiada line.,@mkini_bm why does celcom have no line.
2022-11-06 14:57:29+00:00,https://twitter.com/l0n3ly_women/status/1589270754184822789,l0n3ly_women,Twitter for Android,,"@Celcom hi celcom, ada masalah teknikal lg ke di Jln KP 1/6. Semalam dah problem dari 11.00 pg - 7.11 mlm. Hari ini pun sama. Pukul 8.00 mlm tiada line. Dua kali call nak berckp dengan team teknikal busy. Please, take action regarding this matter.","@Celcom hi celcom, there is another technical problem at Jln KP 1/6. Yesterday there was a problem from 11.00 am - 7.11 pm. Today is the same. At 8.00 pm there is no line. I called twice to contact the busy technical team. Please, take action regarding this matter."
2022-10-25 07:19:08+00:00,https://twitter.com/0302yes/status/1584806750796263429,0302yes,Twitter Web App,On Earth..=),@Celcom sudah whatsapp... lepas dah ambil no phone.. terus hang macam tiada penyelesaian... nak send gambar kerja thru whatsapp pon x lepas ni.. apa line celcom ni?,"@Celcom already on whatsapp... after taking the phone number.. it keeps hanging like there's no solution... I want to send a work picture via whatsapp, so don't do this.. what's the celcom line?"
2022-10-24 03:05:25+00:00,https://twitter.com/yedambear/status/1584380515729428483,yedambear,Twitter for Android,,"@Celcom Salam celcom saya dah dua hari tiada line ni kat SHAH ALAM seksyen 7. Whatsapp call semua tak boleh, nak buat kerja semua x dpt. Minta tolong respond anda ya dan simcard tak bermasalah pun dah check.","@Celcom Hello celcom, I've had no line for two days in SHAH ALAM section 7. Whatsapp calls are not possible, I can't do all the work. Ask for your response yes and the simcard is not a problem, I have checked."
2022-10-23 16:24:24+00:00,https://twitter.com/LemanStark/status/1584219197759926272,LemanStark,Twitter for iPhone,Gua ,"Ini saya tak cerita isu telekomunikasi yang haram takde line. Rasa bayar @Celcom for free je. Mobile data haprak takde. 

Mana pegi janji2 @AnnuarMusa ?

Apa guna bagi taraf Bandar pada Puncak Alam kalau dua bende asas ni pun tiada @mpkselangor","I am not talking about the issue of illegal telecommunications without line. Just pay @Celcom for free. Mobile data is not available.

Where are you going @AnnuarMusa?

What is the use of the city level at Puncak Alam if these two basic items are not available @mpkselangor"
2022-10-11 06:10:29+00:00,https://twitter.com/KasmahTen/status/1579716045132398593,KasmahTen,Twitter for iPhone,"Tawau, Sabah [VIPsince2011]",Memang pihak celcom ni tiada niat kah mau perbaiki line internet sesetengah area balung cocos ni??? Dah hampir setahun oiiii ü§¶üèª,Is it true that celcom has no intention of fixing the internet line in some areas of the cocos bone??? It's been almost a year oiiii ü§¶üèª
2022-10-09 11:50:24+00:00,https://twitter.com/88Yeon88/status/1579076810222211072,88Yeon88,Twitter for Android,"Sepang, Selangor",@501Awani Line Celcom paling kelaut. Teruk amat. Banyak kali buat aduan pun macam tak endah dan tiada perubahan. Truly Malaysia.,@501Awani Celcom Line is the worst. Very bad. Many times I made a complaint as if it was nothing and there was no change. Truly Malaysia.
2022-10-06 11:54:57+00:00,https://twitter.com/miscssan/status/1577990792727080961,miscssan,Twitter for Android,"Sabah, Malaysia/ North Borneo","Ya Tuhan. Apa bah masalah line Celcom ni?! Semoga tidak tenang hidup pengusaha Celcom makan duit haram offer servis, orang bayar tapi servis tiada.","Oh God. What's wrong with this Celcom line?! Hopefully the life of Celcom entrepreneurs will not be peaceful, eating illegal money offering services, people pay but there is no service."
2022-09-19 18:08:07+00:00,https://twitter.com/najihaisazali_/status/1571924109172559872,najihaisazali_,Twitter for iPhone,,"currently;
celcom postpaid - RM50, 20GB (line sendu)
hotlink prepaid - RM35, Unlimited (line cantik)

yg celcom tu boleh ke nak tukar jd prepaid? rasa tak berbaloi betul. sbb jarang guna, tp kalau guna pun tiada guna nya hm line hampeh gila","currently;
celcom postpaid - RM50, 20GB (sendu line)
hotlink prepaid - RM35, Unlimited (beautiful line)

can the celcom one change to prepaid? I don't think it's worth it. because I rarely use it, but even if I use it, it's useless, hm line, it's crazy"
2022-09-19 15:56:13+00:00,https://twitter.com/CtNoorFatiah/status/1571890917224873985,CtNoorFatiah,Twitter for iPhone,Kuala Lumpur City,"@YCA601 @JatIkhwan satu pilihan berbaloi lagi Yodooo. Guna line celcom.

 kelebihan blh ""custom"" data ikut keperluan kegunaan kita.. Nk jenis mana @ nk berapa gb.. 

Biasa rm50.. unlimited tanpa FUP. Saya biasa guna lebih 100gb sebulanüòÖ. 6mbps

Kekurangan ""tiada unlimited call""","@YCA601 @JatIkhwan a worthwhile choice again Yodooo. Use celcom line.

 the advantage of being able to ""customize"" the data according to our usage needs.. What type @ how many gb..

Normal rm50.. unlimited without FUP. I usually use more than 100gb per monthüòÖ. 6mbps

Lack of ""no unlimited calls"""
2022-09-16 07:42:35+00:00,https://twitter.com/raffafax/status/1570679526249893889,raffafax,Twitter for iPhone,Malaysia,@Celcom Untuk apa network checker‚Ä¶memang tiada line EDGE,@Celcom What is the network checker for... there is no EDGE line
2022-09-12 01:04:29+00:00,https://twitter.com/aaron_osmo/status/1569129788492881920,aaron_osmo,Twitter for Android,"Sabah, Malaysia","It's time to say goodbye Celcom. Line teruk, full bar 4G macam tiada function walaupun dekat bandar. Refresh, flight mode bagai masih sama. Memang teruk lah bah. 

@Celcom @CelcomBlueCube","It's time to say goodbye Celcom. Bad line, full bar 4G seems to have no function even near the city. Refresh, flight mode is still the same. It's really bad.

@Celcom @CelcomBlueCube"
2022-09-04 04:46:36+00:00,https://twitter.com/AsyrafSapiee/status/1566286582671618048,AsyrafSapiee,Twitter for iPhone,,@Celcom kenapa kawasan ni..line internet ok tetapi untuk incoming call n outgoing call tiada coverage..sukar jika ada hal kecemasan untuk buat panggilan.. @McmcReact https://t.co/FP4Rf3rqjM,@Celcom why is this area.. the internet line is ok but there is no coverage for incoming calls and outgoing calls.. it is difficult if there is an emergency to make a call.. @McmcReact https://t.co/FP4Rf3rqjM
2022-08-17 07:24:39+00:00,https://twitter.com/hawasshii/status/1559803378292510720,hawasshii,Twitter for Android,+60,"@Celcom Kenapa dari tadi takde line langsung ye kat Hulu Langat ni? Bila check coverage dia kata tiada masalah tapi langsung takde line kat sini. Dah tukar¬≤ airplane mode &amp; restart phone dah, sama je.","@Celcom Why is there no direct line at Hulu Langat? When he checked the coverage he said there was no problem but there was no line here. Changed the airplane mode & restarted the phone, it's the same."
2022-08-10 07:23:19+00:00,https://twitter.com/sia_lee_foo/status/1557266327143714817,sia_lee_foo,Twitter for iPhone,Kuala Lumpur City,"Menyesal menggunakan @Celcom sudah lah tiada penghargaan pada pengguna lama.. line macam siput babi ..internet langsung x boleh pakai. Adios @Celcom 
#celcomproblem #celcom","Regret using @Celcom, there is no appreciation for old users.. the line is like a pig snail.. direct internet can't be used. Adios @Celcom
#celcomproblem #celcom"
2022-08-04 14:22:03+00:00,https://twitter.com/shafryana96/status/1555197375270252546,shafryana96,Twitter for iPhone,"Kota Kinabalu, Sabah","@Maxis lasttt kau buat hal , mmg ak tukar pigi celcom balik2 tiada line palinng lastt !!","@Maxis lasttt you did something, I even changed the celcom piggies back and there was no line at all last!!"
2022-08-03 17:45:43+00:00,https://twitter.com/amaslinfadzli/status/1554886245209108481,amaslinfadzli,Twitter for Android,,KENAPA TIBA2 TIADA ELEKTRIK DAN LINE CELCOM HABIS LANGSUNG TAKDEEE NIIIII WOIIII,WHY IS THERE NO ELECTRICITY AND THE CELCOM LINE IS RUNNING OUT IMMEDIATELY NIIIIII WOIIIIII
2022-07-20 01:35:55+00:00,https://twitter.com/natsume142/status/1549568753809047552,natsume142,Twitter for iPhone,"Selangor, Malaysia","@unitymy19 Zaman saya duduk sana tahun 2013 gitu.. line tak power cm sekarang. Saya guna 2 telco, maxis and celcom.. dedua slow, complaint pon tiada improvement. Nak buat assignment pergi library. Jln area depan laut, seram.. kalau bukan nmpk hantu, kena kejar babi atau monyet","@unitymy19 When I was sitting there in 2013.. the line doesn't power cm now. I use 2 telcos, maxis and celcom.. both are slow, there is no improvement in complaints. I want to do an assignment and go to the library. The street in front of the sea, scary.. if you don't see ghosts, you have to chase pigs or monkeys"
2022-07-11 01:27:08+00:00,https://twitter.com/zzwann/status/1546305051982905344,zzwann,Twitter for Android,"Kota Kinabalu, Sabah",penat la dgn line @digitelco @Celcom @TuneTalk ni. buat report sama jak ayat yg digunakan. penyelesaian tiada. sudhla zaman now byk beno guna internet kerja. majikan jenis tak percaya dgn line ke laut ni. tiada alasan tiada line. pergh. terperangkap weh. haish.,"tired of this @digitelco @Celcom @TuneTalk line. make the same report as the sentence used. no solution. Nowadays, many people use the internet for work. employers don't believe in this line to the sea. no reason no line go trapped. haish."
2022-07-10 09:23:00+00:00,https://twitter.com/audreyrantau/status/1546062421705781248,audreyrantau,Twitter for iPhone,"Sabah, Malaysia.",@mchorror @Celcom Di Penampang pun tiada line @Celcom . Terpaksa tether line @digitelco,@mchorror @Celcom Even in Penampang there is no line @Celcom. Had to tether line @digitelco
2022-07-09 02:19:09+00:00,https://twitter.com/RahyzSuadriaf/status/1545593367744380928,RahyzSuadriaf,Twitter for Android,Sandakan,"@Celcom tiada coverage dr jam7pagi d kawasan batu putih,batu 7,sandakan,sabah..bila nak ada line ni?","@Celcom there is no coverage from 7am in Batu Putih, Batu 7, Sandankan, Sabah.. when do you want to have this line?"
2022-07-07 22:36:37+00:00,https://twitter.com/ana_izumisanusi/status/1545174977368170496,ana_izumisanusi,Twitter for Android,Malaysia,"Tak tahu lah duduk dlm rumah sewa ke, dlam gua ni.
Line teruk ya ampuuuuuunnnn~
The only time dpt line masa dkat tmpat posting dkat Ipoh.
Dh komplen 2X dkat celcom, tapi jwpan menyedihkan. 
""Kwsan mmg congested dgn user, tpi tiada perancngan utk upgrade""
Sedihhh~~","I don't know if I'm sitting in a rented house, in this cave.
The line is bad, ampuuuuuunnn~
The only time you can line the time at the posting place in Ipoh.
I complained twice to Celcom, but the answer was pathetic.
""Kwasan is really congested with users, but there are no plans to upgrade""
Sad~~"
2022-07-02 05:52:57+00:00,https://twitter.com/SayYas75/status/1543110456830992384,SayYas75,Twitter for Android,,"@celcom skrg pukul 8:14 a.m. line coverage tiada langsung signal di Kg Kuala Lumagar Bongawa, Sabah. Sy tidak tau pukul berapa tweet ini akan dpt di send. Sila ambil tindakan baiki.","@celcom now at 8:14 a.m. line coverage, no signal at Kg Kuala Lumagar Bongawa, Sabah. I don't know what time this tweet will be sent. Please take corrective action."
2022-06-30 12:03:14+00:00,https://twitter.com/ikhwan_azahari/status/1542478867960500224,ikhwan_azahari,Twitter for Android,"Shah Alam, Selangor",@Celcom haii. Kenapa line celcom area Puncak Perdana tiada langsung ya? https://t.co/vMyyOGMHrQ,@Celcom hi. Why is there no celcom line in the Puncak Perdana area at all? https://t.co/vMyyOGMHrQ
2022-06-22 03:14:09+00:00,https://twitter.com/KepalaGaru/status/1539446615031029761,KepalaGaru,Twitter for iPhone,,@Celcom saya nak buat aduan. Line celcom di hospital tuanku jaafar seremban sangat memalukan!! Line 4G hanya dua bar diluar dan kadang2  tiada signal lgsung di dalam bangunan. Bayar mahal2 tapi tempat2 penting pon tak boleh provide standard servis. Tolong selesaikan!,@Celcom I want to file a complaint. The celcom line at Tuanku Jaafar's hospital is very embarrassing!! The 4G line is only two bars outside and sometimes there is no direct signal inside the building. Pay expensively but important places can't provide standard service. Please solve it!
2022-06-21 14:36:42+00:00,https://twitter.com/BugsssBunnny/status/1539255997365391360,BugsssBunnny,Twitter for Android,"Vladivostok, Ulu Yam",Saya lihat ramai pengguna twitter Korea suka pakai @Celcom tapi depa semua cakap Melayu saya pun suka pakai Celcom tetapi kebelakangan ini selalu tiada line macam hanat.,"I see many Korean twitter users like to use @Celcom but since everyone speaks Malay, I also like to use Celcom but lately there is always no line like hanat."
2022-06-21 01:26:30+00:00,https://twitter.com/xwxwgoddess/status/1539057135379632128,xwxwgoddess,Twitter for iPhone,üìçBKI || Sabahan üá≤üáæ,@Celcom Tapi area kami di Taman Luyang selalu ‚ÄòE‚Äô internet line bar pun hanya 1 saja..2 kli suda complain celcom di cakap xda apa2 masalah tetapi line tetap suck! Bangunan tinggi2 dekat area sy pun tiada jga sedangkan tempat area kmi tinggal Taman perumahan..,"@Celcom But our area in Taman Luyang is always 'E' and the internet line bar is only 1.. 2 times I have complained to Celcom, they said there is no problem but the line still suck! There are no tall buildings near my area either, while the area where we live is a housing estate.."
2022-06-18 11:50:29+00:00,https://twitter.com/kamarularnizam/status/1538127005245329409,kamarularnizam,Twitter for Android,"Tambunan, Sabah","@PiduyyYuhuu Sure will follback, yes betul tiada line sini (digi, celcom, maxis, etx). Bergantung dengan wifi sekolah saja (wifi tembak satelit). Speed tersangat slow, kadang hantar msg wssp pun xdapat ü•≤","@PiduyyYuhuu Sure will follback, yes it's true there is no line here (digi, celcom, maxis, etc). Depending on the school's wifi only (satellite shooting wifi). The speed is very slow, sometimes I can't even send wssp messages ü•≤"
2022-06-16 12:14:19+00:00,https://twitter.com/zeir90/status/1537408226991349761,zeir90,Twitter for Android,Selangor ,"@Celcom Tolong tinjau lokasi kepulauan bahagian Semporna,,, langsung tiada signal line celcom,,,","@Celcom Please check the location of the Semporna part of the archipelago,,, there is no celcom line signal at all,,,"
2022-06-04 00:20:25+00:00,https://twitter.com/fran7273/status/1532879911937261568,fran7273,Twitter for iPhone,"Tuaran, Sabah",@mkini_bm Taman Lemawang cuma lebih kurang 6 KM dari pekan Tuaran tapi tiada line kesemua telco yang saya guna seolah-olah ia berada di planet lain. #celcom #digitelco,@mkini_bm Taman Lemawang is only about 6 KM from Tuaran town but all the telcos I use have no line as if they are on another planet. #celcom #digitalco
2022-05-04 07:33:33+00:00,https://twitter.com/SanjeevanSS/status/1521754888937500672,SanjeevanSS,Twitter for Android,"Selangor, Malaysia",Memang teruk giler line @Celcom.....bnyk kali dh adu pada KKMM tapi tiada tindakan. @AnnuarMusa,It's really bad that @Celcom's line is messed up..... I have complained to KKMM many times but no action has been taken. @AnnuarMusa
2022-05-03 10:38:17+00:00,https://twitter.com/schizoBS/status/1521438994558783488,schizoBS,Twitter for iPhone,Malaysia,"Nk guna MAXIS zerolution pon, masalah line tiada langsung kawasan ni. Kalau x lama dh aku tukar ke telco lain. Tukar ke celcom la dulu dalam masa terdekat ni. Kebetulan semua family ada ni, kena pergi direct di mana2 branch mereka utk settle","If you want to use MAXIS zerolution, there is no line problem in this area. If it doesn't take long, I'll switch to another telco. Switch to celcom first in the near future. Coincidentally, all the families have this, you have to go directly to their branches to settle"
2022-04-18 11:12:57+00:00,https://twitter.com/nanijarkasi/status/1516011900362174467,nanijarkasi,Twitter for Android,,@Celcom Kenapa tiada line?,@Celcom Why is there no line?
2022-04-11 14:51:14+00:00,https://twitter.com/KasmahTen/status/1513530117884383234,KasmahTen,Twitter for iPhone,"Tawau, Sabah [VIPsince2011]",Adoiiii @Celcom dah hampir 2 bulan ni area balung line internet slow.. dah berkali buat aduan masih juga tiada perubahan...,Adoiiii @Celcom it's been almost 2 months now that the internet line area is slow.. I've complained many times and there's still no change...
2022-04-09 08:45:35+00:00,https://twitter.com/hanazira_kim/status/1512713323061874694,hanazira_kim,Twitter for iPhone,"üá≤üáæNamJin, WooWoo, Tyun","@Celcom Hello, area taman kasih sg sekamat kajang, memang taknak improve ke? Line langsung tak boleh. Kena pakai unifi, orang nak call pun tak boleh, line langsung tiada. Menyusahkan.","@Celcom Hello, the area of ‚Äã‚Äãthe love garden is the same as the old one, don't you really want to improve? Direct line is not possible. Have to use unifi, people can't even call, there is no line at all. Troublesome."
2022-04-07 13:59:18+00:00,https://twitter.com/koisora19/status/1512067495993102340,koisora19,Twitter for Android,Here,"Hi @Celcom, coverage di Sandakan dlm dua hari ni sangat slow dan hampir tiada line. Apa problem ya?","Hi @Celcom, the coverage in Sandakan in these two days is very slow and there is almost no line. What's the problem?"
2022-04-07 04:59:10+00:00,https://twitter.com/beteeahmad/status/1511931566586740736,beteeahmad,Twitter for iPhone,bki,apaa masalah celcom tiada line nie dari semalam ? @Celcom,what's the problem with celcom no line since yesterday? @Celcom
2022-04-05 14:34:23+00:00,https://twitter.com/kaiharith/status/1511351548588310537,kaiharith,Twitter for Android,,@Celcom memang tiada line ke malam ni?,@Celcom really no line until tonight?
2022-04-04 21:33:47+00:00,https://twitter.com/YuzYussof/status/1511094708273283073,YuzYussof,Twitter for Android,Wilayah Persekutuan Labuan,Apa masalah #celcom tiada line pagi2 buta ni !? Luckily unifi abg aku tembus ke rumah kami,What's the problem with #celcom no line this morning!? Luckily my brother's unifi penetrated to our house
2022-03-17 12:50:17+00:00,https://twitter.com/MuhdAfiqFiqq/status/1504439980969500672,MuhdAfiqFiqq,Twitter for Android,"Johore, Malaysia","Wahai @Celcom, tolonglah perbaiki line di area rumah saya. Dri dulu sampai sekarang tiada improvement. Hmm, tukar telco lah mcmni","Hey @Celcom, please fix the line in my home area. From then until now there has been no improvement. Hmm, change the telco like this"
2022-03-14 04:23:02+00:00,https://twitter.com/miqdad_miq/status/1503225166502846464,miqdad_miq,Twitter for iPhone,"Kuantan, Pahang",Penyeksaan tiada line celcom sudah berakhir üòÇ,The torture of no celcom line is over üòÇ
2022-03-09 14:45:25+00:00,https://twitter.com/syaiful_rex/status/1501569853085609992,syaiful_rex,Twitter for Android,Makkah Al Mukarrama,"Butuh digi
Butuh celcom
Sama dgn maxis
Kadang E kadang Roaming
Kadang semua tiada

Kadang kadang tiada line
Tiada line kadang¬≤

Kadang¬≤ tiada 4g
Semua tiada kadang¬≤https://t.co/wTYIVWFCFy","Need digi
Need cellcom
Same as maxis
Sometimes E sometimes Roaming
Sometimes everything is gone

Sometimes there is no line
There is no line sometimes

Sometimes there is no 4g
Everything is gone sometimes¬≤https://t.co/wTYIVWFCFy"
2022-02-28 23:10:57+00:00,https://twitter.com/ikmlx/status/1498435582821036033,ikmlx,Twitter for Android,someone's heart,@ciklaen @mzulfiqor @baabaaer starlink ni sesuai untuk kawasan luar bandar tiada line je kak. Harga pun lagi mahal dari unifi atau celcom. Sabah sarawak sana sangat sesuai.,"@ciklaen @mzulfiqor @baabaaer this starlink is suitable for rural areas, there is no line, bro. The price is more expensive than unifi or celcom. Sabah Sarawak is very suitable there."
2022-02-24 22:08:30+00:00,https://twitter.com/mirajunior57/status/1496970317276737552,mirajunior57,Twitter for iPhone,BKI//Sabah ,last lh budu gaya celcom ni smlm tiada line tiba2,The last thing is this celcom style budu before there is no line
2022-02-14 23:45:27+00:00,https://twitter.com/KasmahTen/status/1493370834722824194,KasmahTen,Twitter for Android,"Tawau, Sabah [VIPsince2011]","Seharian tiada line.. 6 biji HP dirumah ni semua pengguna celcom, semua line bar kena pangka üò™üò™","No line all day long.. 6 cellphones at home, all celcom users, all line bars are blocked üò™üò™"
2022-02-01 16:25:52+00:00,https://twitter.com/AzlindaMz/status/1488549167248994307,AzlindaMz,Twitter for iPhone,,"@akifruzaini Aku kat machang yang tak sampai 500 meter dari jalan besar , line celcom semputtttt. Instagram pun tak boleh loading. Alhamdulillah tiada krisis air buat masa ni","@akifruzaini I'm at Machang which is less than 500 meters from the main road, the celcom line is dead. Instagram can't even load. Alhamdulillah there is no water crisis for now"
2022-01-31 16:41:39+00:00,https://twitter.com/dlwdis/status/1488190751997521926,dlwdis,Twitter for iPhone,,@Celcom kenapa tiada line dari hari sabtu ni? kalau ada masalah bagitau jangan diam diam risau saya,@Celcom why is there no line from this Saturday? if there's a problem tell me don't keep quiet and worry about me
2022-01-22 08:45:26+00:00,https://twitter.com/Kim_Sung_Jae/status/1484809419666124802,Kim_Sung_Jae,Twitter for Android,Worldwide by Y's side,"Sakit hati yang tiada penhujung dgn line celcom ni
Hari2 makan hati üòí","Endless heartache with this celcom line
Heart-eating days üòí"
2022-01-17 08:22:51+00:00,https://twitter.com/hanazira_kim/status/1482991794015158275,hanazira_kim,Twitter for iPhone,"üá≤üáæNamJin, WooWoo, Tyun","@Celcom Nak tanya, Taman Kasih 43000 Kajang (area sg Sekamat) memang tiada line ke? Kalau betul tiada, saya nak tukar line lain. Kat area tu umobile je ada dengan unifi.","@Celcom I want to ask, does Taman Kasih 43000 Kajang (Sg Sekamat area) really have no line? If not, I want to change another line. In that area, umobile only has unifi."
2022-01-11 07:55:59+00:00,https://twitter.com/KotaBeludInfo/status/1480810707478142980,KotaBeludInfo,Twitter for Android,"Kota Belud, Sabah","Line @Celcom  ini seakan akan ingin menguji tahap kesabaran saya. Line kamu ok ka atau tiada ""lain"" sini, om saja.. üòí","This @Celcom line seems to want to test my patience level. Your line is ok or there is no ""other"" here, just om.. üòí"
2022-01-10 02:15:57+00:00,https://twitter.com/riezmann/status/1480362746306711553,riezmann,Twitter for Android,,Ada hati nak guna 5G. Ni kat kg Parit Othman Darat Batu Pahat. Sampai sekarang keluar roaming je. Setiap kali nak dapatkan line balik kena aktifkan plane mode je. Itu pun line macam biskut kejap ada kejap takde. Dah repot tapi tiada perubahan pun. #celcom https://t.co/lOlHqCGChM,"There is a heart to use 5G. This is at Parit Othman Darat Batu Pahat. Until now just go out roaming. Every time you want to get a line back, you have to activate plane mode. That line is like a biscuit, there is a moment, there is no moment. It's a hassle but there is no change. #celcom https://t.co/lOlHqCGChM"
2022-01-04 16:20:55+00:00,https://twitter.com/arifahwaly/status/1478401063283658752,arifahwaly,Twitter for Android,"Ranau Sabah, Malaysia","Maliau Basin ni, ada beberapa telko ja ada line. DiGi saya langsung tiada line. Celcom ni ja ada. Itupun H+ ja. Load Twitter bolehlah. Sudahlah jam 11PM power cut off. Skg susah mau tidur sbb semua bunyi boleh dengar termasuk bunyi perut. Bergema bunyi perut ü§£.","Maliau Basin, there are several telcos that have lines. My DiGi has no line at all. Celcom is here. Even that is H+. You can load Twitter. It's already 11PM power cut off. It's hard to sleep because you can hear all the sounds, including stomach sounds. Resounding stomach sounds ü§£."
2022-01-02 05:44:10+00:00,https://twitter.com/chekgu_lk/status/1477516042616274946,chekgu_lk,Twitter for Android,"Sabah, Malaysia","Better Celcom bagi diskaunlah bil fibre bulan ni untuk di Sabah. Dari kelnmarin pagi (1 Jan) tiada line sampai ke hari ni. Call careline, kata kelmarin ptg isu akn selesai. Agaknya petang hari lain kot selesai @Celcom @CelcomBlueCube","Better Celcom gives a discount on this month's fiber bill for Sabah. From yesterday morning (Jan 1) there is no line until today. Call careline, said yesterday afternoon the issue will be resolved. Looks like the other day the coat will be finished @Celcom @CelcomBlueCube"
2021-12-25 15:27:22+00:00,https://twitter.com/soldaduMY/status/1474763707649388550,soldaduMY,Twitter for iPhone,"Johore, Malaysia","Kena tiada line @Celcom di sekitar Pt Sulaiman, Telok Kerang, Pontian? Apa mmg kerja nak menyusahkan rakyat je ke skng ni? Pls do something. Org kampung nk berhubung pun susah. Ingat bayar pakai daun ke? @MCMC_RASMI @McmcReact cer komen skit. Makin teruk kerajaan skng ni","Is there no @Celcom line around Pt Sulaiman, Telok Kerang, Pontian? What are you doing to trouble the people? Pls do something. It's hard for people in the village to get in touch. Remember to pay with leaves? @MCMC_RASMI @McmcReact cer comment skit. The government is getting worse now"
2021-12-25 08:20:23+00:00,https://twitter.com/Chanatip08/status/1474656255998267393,Chanatip08,Twitter for Android,Shiganshina District,"@Celcom automatically switch to data roaming lagi. Please fix ASAP! 10 minit bertukar kepada mode data roaming, and then EDGE 1 minit, 4G 1 minit dan bertukar semula ke data roaming. Hello saya kat Malaysia je. Tiada record ke luar negara. Kenapa line celcom jadi mcm ni. FIX THIS https://t.co/ZIO2wTSbeQ","@Celcom automatically switch to data roaming again. Please fix ASAP! 10 minutes switch to data roaming mode, and then EDGE 1 minute, 4G 1 minute and switch back to data roaming. Hello, I'm in Malaysia. No record abroad. Why is the celcom line like this? FIX THIS https://t.co/ZIO2wTSbeQ"
2021-12-25 08:17:43+00:00,https://twitter.com/burgerbroariel/status/1474655582053228546,burgerbroariel,Twitter for Android,,Line celcom kat teluk nipah pulau pangkor perak lansung tiada...tolong ambil maklum aduan saya ni...ramai pelancong terutama orang tempatan untuk jalani utusan perniagaan..@SKMM,"There is no celcom line at Teluk Nipah, Pangkor Perak Island...please take note of my complaint...many tourists, especially locals, are traveling as business messengers..@SKMM"
2021-12-25 08:15:01+00:00,https://twitter.com/burgerbroariel/status/1474654904975167490,burgerbroariel,Twitter for Android,,Line celcom kat teluk nipah pulau pangkor perak lansung tiada...tolong ambil maklum aduan saya ni...ramai pelancong terutama orang tempatan untuk jalani utusan perniagaan,"There is no celcom line at nipah bay, pangkor perak island...please take note of my complaint...many tourists, especially locals, are there for business messengers"
2021-12-21 09:08:44+00:00,https://twitter.com/FazzSunny/status/1473218869812547584,FazzSunny,Twitter for Android,"Austin, TX","@magmalaya Temerloh mula tiada Line internet Yes,Celcom, Umobile dah takda...Digi je buat masa sekarang ni yang saya nampak boleh guna...share hotspot antara satu sama lain...","@magmalaya Temerloh started with no internet line Yes, Celcom, Umobile is gone... Digi is the only one I can use for now... share hotspots with each other..."
2021-12-21 09:05:23+00:00,https://twitter.com/fredrckjggojgie/status/1473218027046924288,fredrckjggojgie,Twitter for iPhone,Land of Hornbill ,jalan rosak boleh jak buat on the spot. line celcom ada masalah kena tunggu 3 hari bekerja. eh mcm tiada kaitan.,"If the road is damaged, you can do it on the spot. celcom line has a problem, have to wait 3 working days. uh, nothing to do with it."
2021-12-21 03:08:46+00:00,https://twitter.com/_nedxander/status/1473128281637412866,_nedxander,Twitter for iPhone,TRG - SGR üá≤üáæ,@Celcom kenapa tiada line ye dari pagi tadi lagi üòû,@Celcom why is there no line since this morning again üòû
2021-12-20 09:53:49+00:00,https://twitter.com/elaidiwaiae/status/1472867827476406272,elaidiwaiae,Twitter for Android,,@AutumnMay_05 Mcm tiada fungsi jg bh drg turun . Sedih oh gov tiada tindakan . syukurrr alhamdulillah Area kolej kmi okay jg cma tiada line celcom dn digi tida stabil . Bru smlm stabil . Dn ada pencawang tnb sna shah alam meletup bilng,"@AutumnMay_05 There is no function when it is downloaded. Sad oh gov no action. Thank God, our college area is okay, just that there is no celcom line and digi is not stable. Bru is stable. And there is a tnb substation sna shah alam exploding bilng"
2021-12-18 11:59:16+00:00,https://twitter.com/frdausrazak/status/1472174624297291779,frdausrazak,Twitter for iPhone,,"Allahuakbar, line celcom no servis sebab pencawang problem tambah dengan banjir teruk. Semoga tiada kemalangan kecemasan yang berlaku sebab tak dapat hubungi bomba.","Allahuakbar, celcom line no service because the substation has a problem with severe flooding. Hopefully there won't be an emergency accident because you can't call the fire department."
2021-12-14 02:45:15+00:00,https://twitter.com/runningnury/status/1470585647555432452,runningnury,Twitter for iPhone,,"babi line celcom, maxis, digi, tunetalk, yes SEMUA TIADA. UNIFI JA JALAN.","babi line celcom, maxis, digi, tunetalk, yes ALL ARE GONE. UNIFI JA JALAN."
2021-11-25 13:51:45+00:00,https://twitter.com/jeedZulkefli/status/1463868010247061508,jeedZulkefli,Twitter for iPhone,"Bandar Kuala Lumpur, Wilayah P","@Celcom 
&amp; isu no connection berpisah tiada. Sudahlah susah nak buat report, dekat tweet suruh whatsapp, dekat whatsapp tak reply reply. Nak call‚Ä¶. Engkau punya line ni no line apa bagai. 

Macamana lah ‚Ä¶. Takkan ari ari nk reset reset? Kata nak hapuskan 3g bagai","@Celcom
& no connection issue, no separation. It's already difficult to make a report, when you tweet, tell WhatsApp, when WhatsApp doesn't reply. Want to call‚Ä¶. You have this line, what line is it?

How is it... Are you going to reset it? Said to delete 3g like"
2021-11-22 10:28:51+00:00,https://twitter.com/mohdshazwie11__/status/1462729784719396867,mohdshazwie11__,Twitter for iPhone,Malaysia,Omg. Tadi line celcom di Ulu Dusun Sandakan bongok betul. 4G tapi tiada ni masuk apa apa noti. Jangan juga ya begitu,"Omg. Earlier, the celcom line in Ulu Dusun Sandakan was really noisy. 4G but nothing comes in. No notice. Don't do that either"
2021-11-22 01:03:41+00:00,https://twitter.com/farahmvrzuki/status/1462587554583044100,farahmvrzuki,Twitter for iPhone,Malaysia,Omg tiada line disini ni?? Celcom like fr?? Oh i forgot i used to live here mmg susah line,Omg there is no line here?? Celcom like fr?? Oh i forgot i used to live here it's really hard to line
2021-11-20 13:30:08+00:00,https://twitter.com/ohhsyahirahhh/status/1462050629434568709,ohhsyahirahhh,Twitter for iPhone,,"alhamdulillah line dah okay! harap line okay ni kekal sampai ke anak cucu la eh @Celcom . tapi slow tu sudah biasa, tak pa la asalkan ada dari tiada!","Alhamdulillah the line is okay! I hope this okay line will last until the grandchildren eh @Celcom . but it's normal to be slow, it doesn't matter as long as there's something there instead of nothing!"
2021-11-15 02:51:34+00:00,https://twitter.com/_itsmeelliot/status/1460077991044648967,_itsmeelliot,Twitter for Android,,"@Celcom Saya nak tanya kenapa tiba-tiba saya punya nombor tiada line ya dah berhari-hari, nak kata saya tak topup baru je topup rm5","@Celcom I want to ask why all of a sudden I have a number without a line, it's been days, I want to say that I didn't topup, just topup rm5"
2021-11-12 14:27:33+00:00,https://twitter.com/amirulhaq_/status/1459165975996076042,amirulhaq_,Twitter for Android,,"Okay dalam perspektif student dan pengguna setelah setahun lebih.

Baik
1. Blh hotspot ikut baki data (tiada limit hotspot)
2. Speed tak capped
3. Boleh carry forward baki data bulan lps.
4. Lambat bayar tiada caj.

Buruk
1. Line celcom tak berapa stabil
2. Bnyk selenggara https://t.co/xyeW2RMepc","Okay from a student and user perspective after more than a year.

Good
1. Use hotspot according to data balance (no hotspot limit)
2. Speed ‚Äã‚Äãis not capped
3. Can carry forward the remaining data of the lps month.
4. Late payment no charge.

Bad
1. Celcom line is not very stable
2. More maintenance https://t.co/xyeW2RMepc"
2021-11-08 08:39:56+00:00,https://twitter.com/Yolo921204/status/1457628944371372032,Yolo921204,Twitter for Android,,"@tatapurplesyou_ I dulu guna Maxis package berharga RM98 sebulan, selalu tiada line. Sekarang saya guna Tunetalk RM48 unlimited, l rasa lagi laju. Selain itu, bapa saya juga guna celcom RM35, dia cakap so far so good, better than the Streamxy WiFi di rumahüòÇ","@tatapurplesyou_ I used to use Maxis package costing RM98 a month, always no line. Now I use Tunetalk RM48 unlimited, I think it's faster. Besides, my father also uses celcom RM35, he says so far so good, better than the Streamxy WiFi at homeüòÇ"
2021-11-06 01:34:14+00:00,https://twitter.com/linwinkywanka/status/1456797036196417539,linwinkywanka,Twitter for iPhone,"Kuala Lumpur Federal Territory, Malaysia",@Celcom line tiada langsung even untuk kol pon tiada. Bayar bill every month bukan main tp notis pon tiada langsung bila jadi mcm ni.,"@Celcom line doesn't exist at all, even for kol, it doesn't exist. Paying the bill every month is not a joke, but there is no notice when it happens like this."
2021-10-26 11:57:58+00:00,https://twitter.com/YuzYussof/status/1452967737605558272,YuzYussof,Twitter for Android,Wilayah Persekutuan Labuan,Kawan mengadu.. Digi lagi tiada line. Welcome to the club with celcom üòåüôÇ,Friends complain.. Digi again no line. Welcome to the club with celcom üòåüôÇ
2021-10-23 09:51:01+00:00,https://twitter.com/YuzYussof/status/1451848628549656577,YuzYussof,Twitter for Android,Wilayah Persekutuan Labuan,cibai la line celcom.. dari semalam sampai hari ni.. nda pernah2 begini lama tiada line üñïüèª,try the celcom line.. from yesterday until today.. I have never had a line for so long üñïüèª
2021-10-21 11:27:14+00:00,https://twitter.com/danneyboyladero/status/1451148067135115272,danneyboyladero,Twitter for Android,keningau,"@Celcom Biar 1000 gb engkau bagi klaw line internet masi truk...tiada guna juga.
Keningau,sabah, malaysia
Pengalaman internet celcom adalah yg paling teruk. Tak minta bnyk..line internet yang stabil pn da cukup, ni bacaan 70 kbps. 500 kbps stabil pun ok da celcom.","@Celcom Let me give you 1000 gb to use the internet line but it's still a truck... it's useless too.
Keningau, Sabah, Malaysia
Celcom internet experience is the worst. I don't ask for much.. a stable internet line is already enough, this reading is 70 kbps. 500 kbps stable is ok with celcom."
2021-10-19 04:21:40+00:00,https://twitter.com/audifaliq/status/1450316193697439746,audifaliq,Twitter for Android,"Petaling Jaya, Malaysia","Hi @Celcom , dalam Eco Shop Sunway Mentari tiada coverage (0 bar). Diharap dapat sediakan line untuk kemudahan pelanggan. Terima kasih.","Hi @Celcom, in Eco Shop Sunway Mentari there is no coverage (0 bar). It is hoped to be able to provide a line for the convenience of customers. Thank you."
2021-10-01 04:02:13+00:00,https://twitter.com/aaishazlkp/status/1443788317263237122,aaishazlkp,Twitter for iPhone,,Celcom dgn line problem berpisah tiada,Celcom with no line disconnection problem
2021-09-24 11:47:33+00:00,https://twitter.com/shaanizzle_/status/1441368706274054150,shaanizzle_,Twitter for Android,BKI,Stress bah tiada wifi ni yihhh. Line Celcom pun macam pantat,It's stressful because there's no wifi. Celcom's line is like an ass
2021-09-22 07:07:59+00:00,https://twitter.com/Abyieee2/status/1440573576977862661,Abyieee2,Twitter for Android,,"Jika mereka tiada line Digi, tapi ada line Celcom, maka Tonewow sentiasa ada. Begitu juga sebaliknya!

Mana yang menunggu peluang untuk jadi pengedar simkad Tonewow, saya rasa inilah waktu terbaik anda boleh mulakan

Kita membayar dan kita dibayar
Simkad yang menang kedua-duanya","If they don't have a Digi line, but have a Celcom line, then Tonewow is always there. Vice versa!

Which one is waiting for the opportunity to become a Tonewow simcard distributor, I think this is the best time you can start

We pay and we get paid
Simcard wins both"
2021-09-21 15:13:16+00:00,https://twitter.com/Kimihamehameha/status/1440333314141818887,Kimihamehameha,Twitter for iPhone,,Line @Celcom slow . Dah try on off phone sama saja. Hmmm.. tiada improvement,Line @Celcom slow. Tried on off phone just the same. Hmmm.. no improvement
2021-09-18 12:17:52+00:00,https://twitter.com/izriez/status/1439202007345090561,izriez,Twitter for Android,Kuala Lumpur City,"@MCMC_RASMI Hi MCMC, tolong stabilkan signal 4G Celcom, line sgt slow &amp; congest,juga luaskn liputan 4G LTE bg rangkaian telco Maxis &amp; Digi di kawasan luar bandar di Kedah. Bnyk kali aduan di buat tetapi tiada tindakan yg dibuat. Sila jalankan tanggungjawab","@MCMC_RASMI Hi MCMC, please stabilize Celcom's 4G signal, the line is very slow & congested, also expand 4G LTE coverage for Maxis & Digi telco networks in rural areas in Kedah. Complaints were made many times but no action was taken. Please be responsible"
2021-09-12 09:57:03+00:00,https://twitter.com/ThessaES/status/1436992243018047489,ThessaES,Twitter for Android,Zamboanga City,@ryenoldloza Apa kw pakai rye? Aku kan punya celcom 2 minggu lebih sudah bikin panas. Tiada line oh,@ryenoldloza Why do you use rye? I've had Celcom for over 2 weeks and it's been heating up. No line oh
2021-09-05 02:26:59+00:00,https://twitter.com/emceejason/status/1434342265049157633,emceejason,Twitter for Android,"Kota Kinabalu, Sabah (BKI)","@DecipherBKI @KKCity City area, Digi and Celcom territory. Mana yg tiada line Digi dan Celcom, biasanya ada Maxis ü§£ if you're hanging around more in urban areas, definitely go for 1. Digi 2. Celcom

I'm using both Digi and Celcom.. wife is using Maxis..","@DecipherBKI @KKCity City area, Digi and Celcom territory. Where there is no Digi and Celcom line, there is usually Maxis ü§£ if you're hanging around more in urban areas, definitely go for 1. Digi 2. Celcom

I'm using both Digi and Celcom.. wife is using Maxis.."
2021-09-02 02:49:18+00:00,https://twitter.com/CarlyeLaj/status/1433260719877726211,CarlyeLaj,Twitter for Android,Sabahan,"@Celcom line sejak semalam area kembirian lanit Manggatal Kota kinabalu Sabah Malaysia sangat mengecewakan..saya tiada tunggakan bil ,malah bayar lebih lagi ,dgn harapan perkhidmatan kamu cemerlang namun mendukacitakan .","@Celcom line since yesterday, Kembirian lanit area, Manggatal, Kota kinabalu, Sabah, Malaysia is very disappointing.. I have no bill arrears, I have even paid more, with the hope that your service is excellent but it is disappointing."
2021-08-24 15:22:47+00:00,https://twitter.com/divaavivaa/status/1430188847325794306,divaavivaa,Twitter for Android,"Bandar Kuala Lumpur, Wilayah P",@Celcom dengan siput slow serupa line dia berpisah tiada. Upgrade naik berapa G pun tetap masalah.,"@Celcom with a slow snail similar to the line he parted with is gone. No matter how many G you upgrade, it's still a problem."
2021-08-24 06:39:21+00:00,https://twitter.com/OnexoxWahid/status/1430057121362501634,OnexoxWahid,Twitter for Android,"Bukit Raja, Selangor","#DATA_SOLID_INTERNET_LAJU - 
üëâ Internet High Speed (4G LTE)
üëâ Line Liputan Luas (Celcom)
üëâ Blacklist diterima
üëâ Boleh kekalkan nombor lama
üëâ tiada sekatan internet
üëâ Unlimited Calls
üëâ Hotspot (keseluruhan data tanpa had)
üëâ Tiada caj @ syarat tersembunyi
üëâ Tiada Kontrak https://t.co/qFDrxmf0kj","#DATA_SOLID_INTERNET_SPEED -
üëâ High Speed ‚Äã‚ÄãInternet (4G LTE)
üëâ Wide Coverage Line (Celcom)
üëâ Blacklist accepted
üëâ Can keep the old number
üëâ no internet restrictions
üëâ Unlimited Calls
üëâ Hotspot (all unlimited data)
üëâ No charges @ hidden conditions
üëâ No Contract https://t.co/qFDrxmf0kj"
2021-08-23 12:55:19+00:00,https://twitter.com/siimatahari/status/1429789348690493440,siimatahari,Twitter for Android,dihatipandaku,@Celcom  kenapa tiada line dirumah kami? Adikku suruh tanya habis dia mau showoff dlm pubg.,@Celcom why is there no line at our house? My brother told me to ask him if he wants to show off in pubg.
2021-08-21 06:42:58+00:00,https://twitter.com/aLbumie/status/1428970868126879746,aLbumie,Twitter for iPhone,Malaysia,Hai @Celcom . Kenapa line teruk sgt sekarangni. Asik tiada line tiba2 dikawasan saujana putra,Hi @Celcom . Why is the line so bad now? It's cool that there is no line suddenly in the Saujana Putra area
2021-08-18 00:04:19+00:00,https://twitter.com/Celcom/status/1427783381840928778,Celcom,Khoros CX,Malaysia,@nrwanieeee Boleh tunggu dalam masa 24 jam ye @nrwanieeee. Jika selepas 24 jam still tiada line boleh DM kami untuk semakan lanjut - Qis,"@nrwanieeee Can you wait within 24 hours @nrwanieeee. If after 24 hours there is still no line, you can DM us for further review - Qis"
2021-08-12 04:00:29+00:00,https://twitter.com/SyazleenAzila/status/1425668488597704707,SyazleenAzila,Twitter for Android,"Petaling, Kuala Lumpur",@hansrahmn @nurulatieqa Ya Allah aku mula2 ok lg dgn umobile tp sebulan sekali dia jd line hp xde. Nk call semua xboleh. Dh la parents aku pun umobile. Risau pape jd xboleh nk call. Tu yg tukar line celcom. Setakat 5 bulan ni alhamdulillah tiada mslh lg. Aku pckg fmly.,"@hansrahmn @nurulateyeqa Oh God, I'm starting to be ok with umobile, but once a month he's on the xde phone line. Can't call everything. My parents are also umobile. I'm worried about not being able to call. That's who changed the celcom line. So far 5 months, thank God, no more problems. I'm pckg fmly."
2021-08-10 16:15:34+00:00,https://twitter.com/zariqhafizin/status/1425128700018786304,zariqhafizin,Twitter for iPhone,,"@Celcom hi, nak tanya pasal modem wifi rumah. Kenapa tidak ada line? Sedangkan tiada sebarang penyekatan. Dah restart 5 kali ni ni","@Celcom hi, I want to ask about the home wifi modem. Why is there no line? While there is no blocking. It has restarted 5 times"
2021-07-31 16:07:11+00:00,https://twitter.com/iamsnkamaliah/status/1421502711707488256,iamsnkamaliah,Twitter for iPhone,Malaysia,"Hmmmm dari pukul berapa lagi dok on/off jer data mobile ni. Mengharapkan ‚Äòlaju‚Äô line internet. 

@Celcom dengan line problems berpisah tiada. Bab potong/barred line cepat dan pantas.","Hmmmm, from what time is this mobile data dock on/off? Hoping for a 'fast' internet line.

@Celcom with line problems, no separation. The cut/barred line is quick and fast."
2021-07-30 03:08:54+00:00,https://twitter.com/Celcom/status/1420944464764301313,Celcom,Khoros CX,Malaysia,@fqrsyarubyjane Okay kalau ikutkan . Coverage okay tiada masalah. Awak nak saya tolong untuk reset line tak?,"@fqrsyarubyjane Okay if you follow. Coverage is okay, no problem. Do you want me to help you reset the line?"
2021-07-30 00:07:04+00:00,https://twitter.com/aliffshanusi/status/1420898704785952768,aliffshanusi,Twitter Web App,Malaysia,"@JazeeraJulaili aku tengah cuba home wifi oleh celcom, sini line fiber kena deal dengan management. tiada fiber luar atau time. 500 untuk 139 tu dah padu sanagt dah. boleh live tido dah.","@JazeeraJulaili I'm trying home wifi by celcom, here the fiber line has to deal with the management. no outside fiber or time. 500 for 139 is a good deal. can go to bed already."
2021-07-28 14:01:14+00:00,https://twitter.com/xhitamxputih/status/1420383851948302347,xhitamxputih,Twitter for iPhone,"Johor Bahru, Johor",Tiada yang lebib babi daripada line digi dan celcom. Mampus pi! Sial betul,Nothing is more pig than line digi and celcom. Clear pi! Shit right
2021-07-14 15:25:43+00:00,https://twitter.com/imanmanaf5/status/1415331682744299526,imanmanaf5,Twitter for Android,"Negri Sembilan, Malaysia",@Celcom Dari bulan 4 saya buat benda yang sama sampai hari ini masih sama tiada perkembangan. Kenapa sebelum sebelum ini tiada masalah seperti ini tetapi semenjak celcom berkolaborasi dengan digi terus line down teruk. Awak nak saya buat benda yang sama sampai bila?,@Celcom From month 4 I did the same thing until today still the same no progress. Why was there no problem like this before but since celcom collaborated with digi the line down has been bad. Do you want me to do the same thing until when?
2021-07-14 11:51:34+00:00,https://twitter.com/aqlirfxn/status/1415277792481071105,aqlirfxn,Twitter for iPhone,,celcom dan tiada line berpisah tiada,celcom and no line separated no
2021-07-12 17:58:17+00:00,https://twitter.com/amirulam24/status/1414645302057848832,amirulam24,Twitter for Android,,@Celcom please la celcom. Tiba2 xde line. Ganti rugi pon tiada. Kerajaan dah bagi duit bnyk dah. Still teruk.,@Celcom please it's Celcom. Arrived on line. There is no compensation. The government has already given a lot of money. Still bad.
2021-07-12 17:50:14+00:00,https://twitter.com/alfredodidx/status/1414643277639262222,alfredodidx,Twitter for iPhone,,ingatkan saya satu orang ja tiada line celcom haha,remind me that I'm one person and don't have a celcom line haha
2021-07-07 01:37:01+00:00,https://twitter.com/sarihihihi/status/1412586420850487298,sarihihihi,Twitter for Android,Malaysia,wehh tengok la ni line Celcomüò≠ 4 hari suda tiada. kalau ada pun 3G lepastu sekejap ja hilang balik. https://t.co/YBBqFZcZT2,"Wow, look at the Celcom line üò≠ it's been gone for 4 days. if there is even 3G then it disappears in a moment. https://t.co/YBBqFZcZT2"
2021-07-02 08:12:32+00:00,https://twitter.com/keyrullll/status/1410874013002342406,keyrullll,Twitter for Android,Malaysia,Dah tiga hari tiada line nie @digitelco . Tau lah dah gabung dengan celcom tapi janganlah buang aku https://t.co/ETGMIVzrav,There has been no line for three days @digitelco. You know I joined celcom but don't throw me out https://t.co/ETGMIVzrav
2021-06-29 11:41:18+00:00,https://twitter.com/iztiisml/status/1409839386917629957,iztiisml,Twitter for iPhone,Shah Alam,Semoga @Celcom &amp; @unifi dapat menjalani hidup kalian dengan indah walaupun line anda sesungguhnya sangat mendukacitakan. Saya dan rakyat Malaysia doakan semoga kalian teruskan hidup seperti tiada apa yang berlaku dan hanya hidup dalam fantasi sahaja. Terima kasih.,Hopefully @Celcom & @unifi can live your lives beautifully even though your line is really sad. I and the people of Malaysia pray that you continue to live as if nothing happened and only live in fantasy. Thank you.
2021-06-20 02:48:36+00:00,https://twitter.com/kakmah1/status/1406443841305993220,kakmah1,Twitter for Android,"Kota Bharu, Kelantan","#celcom Di kg banggol Lepah langsung tiada line
Hari ke 2
Kenapa #celcom","#celcom There is absolutely no line at Lepah bump
Day 2
Why #celcom"
2021-06-19 04:43:37+00:00,https://twitter.com/mijalqarls/status/1406110395689934853,mijalqarls,Twitter for Android,ùìóùì≤ùìº ùìπùìªùìÆùìΩùìΩùì≤ùìÆùìºùìΩ ,@AkasyahFarihin Celcom ngan Umobile kedekut and line slow dia berpisah tiada boleh buat syarikat sama samaüò≠üò≠,"@AkasyahFarihin Celcom and Umobile are stingy and the line is slow, they broke up and can't do the same companyüò≠üò≠"
2021-06-17 16:40:17+00:00,https://twitter.com/wannajlin/status/1405565974158315520,wannajlin,Twitter for Android,Kajang,@Celcom tlg ajar aku mcm mana nak setel masalah yang mcm hape ni. Potong line tp tiada payment due. Ini ke level telco paling hebat di rantau asia? Bab Potong line punya la laju efektif. https://t.co/ZRN1dfYwwe,@Celcom please teach me how to fix a problem like this. Cut the line but no payment due. Is this the level of the greatest telco in the Asian region? Chapter Potong line has an effective speed. https://t.co/ZRN1dfYwwe
2021-06-17 04:48:59+00:00,https://twitter.com/muhdfairuzzzz/status/1405386972852482052,muhdfairuzzzz,Twitter for iPhone,Malaysia,@Celcom Saya tengok tweet ni dengan line 3G sebab bila saya set kepada 4G tiada line. Please fix this,@Celcom I saw this tweet with a 3G line because when I set it to 4G there was no line. Please fix this
2021-06-17 02:59:47+00:00,https://twitter.com/Celcom/status/1405359491680325634,Celcom,Khoros CX,Malaysia,@mdfqq Hi @mdfqq Tiada masalah dengan care line kami buat masa ni. Boleh cuba dari masa ke semasa ya. -Nora,@mdfqq Hi @mdfqq There is no problem with our care line at the moment. Can try from time to time yes. -Nora
2021-06-10 11:51:21+00:00,https://twitter.com/bgtn7fnni/status/1402956548188434432,bgtn7fnni,Twitter for iPhone,"Sabah, Malaysia",@95zwithluv @_winterm00n Kene tunggu tiada line kt umobile bru tukar sim celcom,@95zwithluv @_winterm00n Here wait there is no line at umobile bro change the celcom sim
2021-06-09 14:24:47+00:00,https://twitter.com/noi_adin/status/1402632774675156995,noi_adin,Twitter for Android,Ipoh. Sepang. Next?,@Celcom dan line cam haram berpisah tiada.,@Celcom and line cam are forbidden to separate.
2021-06-08 14:29:25+00:00,https://twitter.com/pae_iza/status/1402271550942941187,pae_iza,Twitter Web App,,"@Celcom dah seminggu WFH line masih slow, sangat slow, tetap slow..whyyyy???? I'm lucky sebab tiada online meeting lagi, but for next coming days I'm not sure. Hope by then your service return.","@Celcom it's been a week WFH line is still slow, very slow, still slow.. whyyyy???? I'm lucky because there is no online meeting anymore, but for next coming days I'm not sure. Hope by then your service will return."
2021-06-06 07:24:05+00:00,https://twitter.com/PahlawanPemalu/status/1401439738758848513,PahlawanPemalu,Canva,"Dungun, Terengganu","""KAWASAN SY TIADA LINE DIGI..MCM MANA NI?..""
""KAWASAN SY TIADA LINE CELCOM NI..MCM MANA?""
.
Jgn risau, dgn Master Mobile sentiasa menyokong coverage di kawasan anda..
.
Line SLOW? Bil Telefon MAHAL?
.
PM SY
https://t.co/UjsykH9fKc https://t.co/ZX1FNwcLWm","""THERE IS NO DIGI LINE IN THE SY AREA..WHICH MCM IS THIS?..""
""THERE IS NO CELCOM LINE IN THIS AREA..WHICH MCM?""
.
Don't worry, with Master Mobile always supports coverage in your area..
.
Line SLOW? Expensive Phone Bill?
.
PM SY
https://t.co/UjsykH9fKc https://t.co/ZX1FNwcLWm"
2021-06-05 03:40:21+00:00,https://twitter.com/syfqsmsdn/status/1401021044308078593,syfqsmsdn,Twitter for Android,,Harap lepas cucukymyaz nanti line celcom dekat klang ni tiada gangguan lah ya.,"I hope after cucukymyaz, the celcom line near klang will not be disturbed."
2021-05-31 07:11:30+00:00,https://twitter.com/HarrezHussin/status/1399262243745714176,HarrezHussin,Twitter for Android,"Kota Kinabalu, Sabah",@Celcom @Celcom mau tengok pun susah... Buffer teruk... Lepas tu.. no internet connection.. bila DM.. di suruh cabut masuk sim card.. reboot HP.. clear cache.. tp tetap juga tiada line..,@Celcom @Celcom it's hard to watch... Buffer is bad... After that.. no internet connection.. when DM.. told to pull out sim card.. reboot HP.. clear cache.. but still no line ..
2021-05-28 14:57:35+00:00,https://twitter.com/atuywhibley/status/1398292374506283014,atuywhibley,Twitter for iPhone,"Kudat, Sabah.",Beli simkad digi baru sebab @Celcom kan anjing tiada line internet. Pastu lupa beli topup. Lupa ba pulak pakai prepaid. Sama jgk nda dpt main game. Esok la beli kredit hahahahaha,Buy a new digi sim card because @Celcom doesn't have an internet line. Don't forget to buy topup. Forgot to use prepaid. It's the same as not being able to play games. Buy credit tomorrow hahahahaha
2021-05-28 13:31:21+00:00,https://twitter.com/cemihaikal/status/1398270671428493316,cemihaikal,Twitter for iPhone,Malaysia,"@Celcom habisla pkp pulak kan nk mereput pun line celcom mcm pundek... takperlu pesan untuk restart device, keluarkan simcard, buka tutup flight mode. Takperlu, buat la seribu kali pun tkjadi apa. Jadi amar , sera , amer , suraya ka sapa ka jangan suruh buat benda yg tiada effect","@Celcom has ended the pkp, right? Even the celcom line is short... there is no need to order to restart the device, remove the simcard, open and close flight mode. No need, do it a thousand times and nothing will happen. So amar, sera, amer, suraya, don't tell me to do things that have no effect"
2021-05-28 02:57:23+00:00,https://twitter.com/Fevinah95/status/1398111130640216066,Fevinah95,Twitter for Android,"Pitas, Sabah","kalau kau mau tau Celcom ini lah salah satu sebab kami suka betul line kamu sini. ada line bikin sakit hati, tiada line pun bikin sakit hati. kalau bukan PKP, sudah saya terminate ni postpaid üíÜ https://t.co/TleYlBBlwy","if you want to know Celcom this is one of the reasons we really like your line here. there is a line that hurts, there is no line that hurts. if it's not PKP, I've already terminated this postpaid üíÜ https://t.co/TleYlBBlwy"
2021-05-27 14:31:39+00:00,https://twitter.com/idgafpop_/status/1397923460190400513,idgafpop_,Twitter for Android,"Ipoh, Perak","Line @digitelco makin lama makin babi. Da la kena PKPD, line mcm babi. Asal report je skit2 ckp ""kami punya pencawang tiada masalah"".. Da kalau tkde masalah aku nk salahkan sapa? Salah celcom?","Line @digitelco is getting more and more pig. It's due to PKPD, the line is like a pig. As for the report, it's as if ""we have a substation with no problem"".. If there's no problem, who do I blame? Wrong celcom?"
2021-05-24 06:11:14+00:00,https://twitter.com/haiziqnastyy/status/1396710361600991234,haiziqnastyy,Twitter for Android,,"@Celcom masih tiada perubahan , saya dah buat semua step tu dan sekarang line terus takde","@Celcom there is still no change, I have done all the steps and now the line is still not working"
2021-05-20 09:11:35+00:00,https://twitter.com/QyeraRaa/status/1395306194923708426,QyeraRaa,Twitter for Android,"Kota Belud, Sabah","@Celcom Tiada guna buat macam tu, tetap juga tiada line. Lepas keluar dari kawasan tu baru telco yang lain berfungsi macam biasa. Sekian","@Celcom There's no point in doing that, there's still no line. After leaving that area, the other telcos will work as usual. So much"
2021-05-17 11:14:51+00:00,https://twitter.com/Celcom/status/1394250052835500036,Celcom,Khoros CX,Malaysia,@Blinksasane_ Hi @Blinksasane_ Kami semak tiada masalah dengan care line kami buat masa ni. Mohon cuba dari masa ke semasa ya. -Nora,@Blinksasane_ Hi @Blinksasane_ We checked that there is no problem with our care line for now. Please try from time to time. -Nora
2021-05-13 11:57:21+00:00,https://twitter.com/aminaisuu/status/1392811198509326337,aminaisuu,Twitter for Android,,"celcom dan hari penting berpisah tiada, ada je line nak problem anjing.","celcom and the important day of parting are missing, there is only a line to have a dog problem."
2021-05-08 05:56:26+00:00,https://twitter.com/Hayatifakhry/status/1390908433294008321,Hayatifakhry,Twitter for iPhone,Kuala Lumpur Federal Territory,"@Celcom sejak semalam ya. Sekejap 3G sekejap 4G. Nak buka apps pun tak boleh.

Buka twitter pun berkali kali ni. Dah 6 tahun guna Celcom rasanya perlu bertukar ke Maxis.

Makin hari makin teruk je line Celcom Gombak ni. Beli data &amp; topup banyak pun tiada guna dah. https://t.co/WkEVyqGeMC","@Celcom since yesterday yes. A moment of 3G and a moment of 4G. Can't even open apps.

Opened twitter many times. I've been using Celcom for 6 years and I think I should switch to Maxis.

The Celcom Gombak line is getting worse day by day. Buy a lot of data & topup is useless. https://t.co/WkEVyqGeMC"
2021-05-07 12:33:02+00:00,https://twitter.com/atuywhibley/status/1390645850087464968,atuywhibley,Twitter for iPhone,"Kudat, Sabah.",Kesian @Celcom babi ni sudah sebulan masalah xda line masih tiada tindakan. Anak haram celcom nih. https://t.co/1ZB8NuTRZa,It's a pity @Celcom this pig has been having problems with xda line for a month and still no action. Celcom's illegitimate son. https://t.co/1ZB8NuTRZa
2021-05-07 07:33:30+00:00,https://twitter.com/SlowRockFM/status/1390570472849371139,SlowRockFM,Twitter for Android,,"Jika mereka tiada line Digi, tapi ada line Celcom, maka Tonewow sentiasa ada. Begitu juga sebaliknya!

Mana yang menunggu peluang untuk jadi pengedar simkad Tonewow, saya rasa inilah waktu terbaik anda boleh mulakan.","If they don't have a Digi line, but have a Celcom line, then Tonewow is always there. Vice versa!

Which one is waiting for the opportunity to become a Tonewow simcard distributor, I think this is the best time you can start."
2021-05-07 06:32:55+00:00,https://twitter.com/itsmepaah/status/1390555226260660224,itsmepaah,Twitter for Android,Terengganu,Line celcom ka line umobile ka sama jaa tiada yg sempurna üòå,"Celcom line and umobile line are the same, nothing is perfect üòå"
2021-05-06 15:29:42+00:00,https://twitter.com/aisha_hairul/status/1390327924750913538,aisha_hairul,Twitter for iPhone,,@Celcom and crappy line post heavy rain berpisah tiada üî™,@Celcom and crappy line post heavy rain broke up no üî™
2021-05-06 12:54:56+00:00,https://twitter.com/muazmuzaini/status/1390288975466700801,muazmuzaini,Twitter for iPhone,,"@XavierNaxa Maaf lari topik. Nak tanya. Saya pakai iphone se 2020. Guna 2 line. Maxis- esim, celcom- fizikal. Sebelum ni tiada isu untuk saya tukar mobile data antara kedua dua line. Tapi sejak beberapa hari lepas. maxis saya boleh pakai 4g tanpa masalah, manakala celcom saya perlu pakai 3g","@XavierNaxa Sorry for going off topic. Want to ask. I use iphone se 2020. Use 2 lines. Maxis- esim, celcom- physical. Before this there was no issue for me to change mobile data between the two lines. But since the last few days. my maxis can use 4g without problem, while my celcom has to use 3g"
2021-05-01 03:57:07+00:00,https://twitter.com/syukurkikoo/status/1388341687643111426,syukurkikoo,Twitter for iPhone,,"@Celcom Maaf . Saya tiada masa , dalam masa 2 hari ya . Tidak saya ajak 1 taman dan kampung saya tukar line lain .","@Celcom Sorry. I don't have time, within 2 days yes. No, I invite 1 park and my village to change to another line."
2021-04-29 11:47:27+00:00,https://twitter.com/bbylycheekang/status/1387735278509453314,bbylycheekang,Twitter for Android,"Sabah, Malaysia",Astaga celcom. Dari jam 1 ba tiada line,Damn celcom. From 1 o'clock there is no line
